{"cameraMode":{"drawMode":0,"name":"Shaded","section":"Shading Mode"},"sceneLighting":false,"audioPlay":false,"sceneViewState":{"m_AlwaysRefresh":false,"showFog":true,"showSkybox":false,"showFlares":true,"showImageEffects":true,"showParticleSystems":true,"showVisualEffectGraphs":true,"m_FxEnabled":false},"in2DMode":false,"pivot":{"x":23.068653106689454,"y":1.032792568206787,"z":-6.698489665985107},"rotation":{"x":0.021684326231479646,"y":0.9027284383773804,"z":-0.048803653568029407,"w":0.42743542790412905},"size":2.7328829765319826,"orthographic":false}