{"cameraMode":{"drawMode":0,"name":"Shaded","section":"Shading Mode"},"sceneLighting":false,"audioPlay":false,"sceneViewState":{"m_AlwaysRefresh":false,"showFog":true,"showSkybox":false,"showFlares":true,"showImageEffects":true,"showParticleSystems":true,"showVisualEffectGraphs":true,"m_FxEnabled":false},"in2DMode":false,"pivot":{"x":0.2702341079711914,"y":1.4023090600967408,"z":1.3396649360656739},"rotation":{"x":-0.02203742228448391,"y":0.9659994840621948,"z":-0.24343641102313996,"w":-0.0857638269662857},"size":0.5186418890953064,"orthographic":false}