{"cameraMode":{"drawMode":0,"name":"Shaded","section":"Shading Mode"},"sceneLighting":false,"audioPlay":false,"sceneViewState":{"m_AlwaysRefresh":false,"showFog":true,"showSkybox":false,"showFlares":true,"showImageEffects":true,"showParticleSystems":true,"showVisualEffectGraphs":true,"m_FxEnabled":true},"in2DMode":false,"pivot":{"x":-0.26209941506385805,"y":1.1262176036834717,"z":0.016992807388305665},"rotation":{"x":-0.05252561718225479,"y":0.9303467869758606,"z":-0.3315209746360779,"w":-0.14747485518455506},"size":1.2247449159622193,"orthographic":false}