{"cameraMode":{"drawMode":0,"name":"Shaded","section":"Shading Mode"},"sceneLighting":false,"audioPlay":false,"sceneViewState":{"m_AlwaysRefresh":false,"showFog":true,"showSkybox":false,"showFlares":true,"showImageEffects":true,"showParticleSystems":true,"showVisualEffectGraphs":true,"m_FxEnabled":true},"in2DMode":false,"pivot":{"x":12.356491088867188,"y":1.9946281909942628,"z":-1.717320442199707},"rotation":{"x":0.0032977196387946607,"y":0.9921115636825562,"z":0.026483358815312387,"w":-0.12234540283679962},"size":1.2247449159622193,"orthographic":false}