{"cameraMode":{"drawMode":0,"name":"Shaded","section":"Shading Mode"},"sceneLighting":false,"audioPlay":false,"sceneViewState":{"m_AlwaysRefresh":false,"showFog":true,"showSkybox":false,"showFlares":true,"showImageEffects":true,"showParticleSystems":true,"showVisualEffectGraphs":true,"m_FxEnabled":false},"in2DMode":false,"pivot":{"x":-0.3254074454307556,"y":0.4965369701385498,"z":0.7680208683013916},"rotation":{"x":-0.012795091606676579,"y":0.9874069094657898,"z":-0.12443320453166962,"w":-0.09817442297935486},"size":0.5517644286155701,"orthographic":false}