{"cameraMode":{"drawMode":0,"name":"Shaded","section":"Shading Mode"},"sceneLighting":false,"audioPlay":false,"sceneViewState":{"m_AlwaysRefresh":false,"showFog":true,"showSkybox":false,"showFlares":true,"showImageEffects":true,"showParticleSystems":true,"showVisualEffectGraphs":true,"m_FxEnabled":false},"in2DMode":false,"pivot":{"x":-0.8136534094810486,"y":0.8445881605148315,"z":2.1062772274017336},"rotation":{"x":0.01815664768218994,"y":-0.9722508192062378,"z":-0.07641362398862839,"w":-0.2214898020029068},"size":0.8521050810813904,"orthographic":false}