{"cameraMode":{"drawMode":0,"name":"Shaded","section":"Shading Mode"},"sceneLighting":false,"audioPlay":false,"sceneViewState":{"m_AlwaysRefresh":false,"showFog":true,"showSkybox":false,"showFlares":true,"showImageEffects":true,"showParticleSystems":true,"showVisualEffectGraphs":true,"m_FxEnabled":false},"in2DMode":false,"pivot":{"x":19.446048736572267,"y":1.5510380268096924,"z":7.6257734298706059},"rotation":{"x":0.029442623257637025,"y":0.8521705269813538,"z":-0.5206289887428284,"w":0.04910780489444733},"size":2.450958013534546,"orthographic":false}