{"cameraMode":{"drawMode":0,"name":"Shaded","section":"Shading Mode"},"sceneLighting":false,"audioPlay":false,"sceneViewState":{"m_AlwaysRefresh":false,"showFog":true,"showSkybox":false,"showFlares":true,"showImageEffects":true,"showParticleSystems":true,"showVisualEffectGraphs":true,"m_FxEnabled":true},"in2DMode":false,"pivot":{"x":-1.8536028861999512,"y":2.466953754425049,"z":-5.463468074798584},"rotation":{"x":-0.0021661187056452038,"y":0.9952357411384583,"z":-0.023299237713217737,"w":-0.09487000852823258},"size":5.909080982208252,"orthographic":false}