{"cameraMode":{"drawMode":0,"name":"Shaded","section":"Shading Mode"},"sceneLighting":false,"audioPlay":false,"sceneViewState":{"m_AlwaysRefresh":false,"showFog":true,"showSkybox":false,"showFlares":true,"showImageEffects":true,"showParticleSystems":true,"showVisualEffectGraphs":true,"m_FxEnabled":false},"in2DMode":false,"pivot":{"x":-0.6084099411964417,"y":0.7710301876068115,"z":3.118744134902954},"rotation":{"x":0.002506114775314927,"y":0.9970090985298157,"z":-0.04582446068525314,"w":0.0642639696598053},"size":0.47902631759643557,"orthographic":false}